{
  "Monoopsel": {
    "elements": [
      {
        "text": "Welcome To Sky Factory 2!|A Modpack By Bacon_Donut|\u003d\u003d\u003d\u003d\u003d\u003d\u003d\u003d\u003d\u003d\u003d\u003d\u003d\u003d\u003d\u003d\u003d\u003d\u003d\u003d\u003d\u003d\u003d",
        "state": false,
        "isAchievement": false,
        "color": 26763,
        "height": 30,
        "colorChecked": 0,
        "align": "CENTER",
        "shadow": false
      },
      {
        "text": "Hello and welcome to Sky Factory 2, a modded Sky Block mod pack! An infinite world of possibility awaits you...after you build it, of course, because you\u0027ll be starting in a void world with nothing between you and death but a single tree on one piece of dirt. But don\u0027t panic! The mods in this pack will allow you to get all the resources you need to build yourself an amazing world! Read on for more info about how to play this pack, who put it together, and for a list of goals for you to accomplish!",
        "state": false,
        "isAchievement": false,
        "color": 26763,
        "height": 30,
        "colorChecked": 0,
        "align": "CENTER",
        "shadow": false
      },
      {
        "text": " |How To Use This Book|\u003d\u003d\u003d\u003d\u003d\u003d\u003d\u003d\u003d\u003d\u003d\u003d\u003d\u003d\u003d\u003d\u003d\u003d\u003d",
        "state": false,
        "isAchievement": false,
        "color": 26763,
        "height": 30,
        "colorChecked": 0,
        "align": "CENTER",
        "shadow": false
      },
      {
        "text": "Use the arrows at the bottom left and bottom right of this book to navigate between pages. You will see challenges broken into ages that represent the general path of progression, although you do not need to do them in order. Simply check the box next to each challenge as you complete them. Careful though! They get harder as you go along! Also, don\u0027t forget to craft yourself an Achievement Stand to store this book in!| | | |",
        "state": false,
        "isAchievement": false,
        "color": 26763,
        "height": 30,
        "colorChecked": 0,
        "align": "CENTER",
        "shadow": false
      },
      {
        "text": "A Note About Biomes|\u003d\u003d\u003d\u003d\u003d\u003d\u003d\u003d\u003d\u003d\u003d\u003d\u003d\u003d",
        "state": false,
        "isAchievement": false,
        "color": 26763,
        "height": 30,
        "colorChecked": 0,
        "align": "CENTER",
        "shadow": false
      },
      {
        "text": "The challenges in this book will help you through the early game, but there are several commonly asked question regarding biome behavior in Sky Factory.",
        "state": false,
        "isAchievement": false,
        "color": 26763,
        "height": 30,
        "colorChecked": 0,
        "align": "CENTER",
        "shadow": false
      },
      {
        "text": "Barrels fill with water just fine when it snows so there is nothing wrong with spawning in a snow biome such as Taiga. It does not rain in desert so barrels will not fill with water, but that is still a fine place to spawn because Water Buckets are craftable. Look it up in NEI to see how.",
        "state": false,
        "isAchievement": false,
        "color": 26763,
        "height": 30,
        "colorChecked": 0,
        "align": "CENTER",
        "shadow": false
      },
      {
        "text": "Oceans will spawn monsters but will not spawn passive animals, and Mushroom biomes spawn only Mooshrooms and no monsters.",
        "state": false,
        "isAchievement": false,
        "color": 26763,
        "height": 30,
        "colorChecked": 0,
        "align": "CENTER",
        "shadow": false
      },
      {
        "text": "Because of that, Ocean and Mooshroom are both viable places to spawn in, it will just add to the challenge and force you to travel if you want to complete all the challenges.| |Also, if you\u0027re the kind of person who likes to train dragons, remember that what biome you hatch your dragon in will determine what kind of dragon it grows up to be!",
        "state": false,
        "isAchievement": false,
        "color": 26763,
        "height": 30,
        "colorChecked": 0,
        "align": "CENTER",
        "shadow": false
      },
      {
        "text": "Credits|\u003d\u003d\u003d\u003d\u003d\u003d\u003d| |This pack was put together by me, Bacon_Donut. I make Minecraft content full time and you can find me here:| |Twitch.tv/Bacon_Donut| |I\u0027m live on Twitch Monday through Friday starting at 9pm US Eastern time. I also post daily videos to YouTube including an official Sky Factory tutorial series. You can find that here: | |YouTube.com/BaconDonutTV|",
        "state": false,
        "isAchievement": false,
        "color": 26763,
        "height": 30,
        "colorChecked": 0,
        "align": "CENTER",
        "shadow": false
      },
      {
        "text": "Special thanks also goes to:|\u003d\u003d\u003d\u003d\u003d\u003d\u003d\u003d\u003d\u003d\u003d\u003d\u003d\u003d\u003d\u003d\u003d\u003d\u003d\u003d\u003d\u003d\u003d\u003d| |Wyld, for making this pack a little more magical and a little more evil.|Tterrag, for the Simple Achievement mod, and giving us the ability to twerk on trees.|KiwiFails, for the amazing custom mod textures.|Lex Manos, for making YUNoMakeGoodMap which gives us our lovely void world, and also for making Forge itself!|YelloSnowflake, for the Lucky Block config.|And finally, big thanks to my friends and twitch subs who helped with the testing!",
        "state": false,
        "isAchievement": false,
        "color": 26763,
        "height": 30,
        "colorChecked": 0,
        "align": "CENTER",
        "shadow": false
      },
      {
        "text": "The Challenges|\u003d\u003d\u003d\u003d\u003d\u003d\u003d\u003d\u003d\u003d\u003d\u003d\u003d| |You can\u0027t ever \"beat\" the pack, but I\u0027ve provided a list of challenges designed to help you progress, and give direction to your play. Don\u0027t worry if you don\u0027t know how to do some of them, have fun with the process of searching for answers. You\u0027ll learn at lot and have some fun too!| |They are divided into ages that roughly match up to game progression, but you do NOT have to do them in order!| | |",
        "state": false,
        "isAchievement": false,
        "color": 26763,
        "height": 30,
        "colorChecked": 0,
        "align": "CENTER",
        "shadow": false
      },
      {
        "text": "---\u003d\u003d\u003d Wood Age \u003d\u003d\u003d---| |A new age dawns before you! You don\u0027t have anything to work with but this tree, so let\u0027s make the most of it!",
        "state": false,
        "isAchievement": false,
        "color": 26763,
        "height": 30,
        "colorChecked": 0,
        "align": "CENTER",
        "shadow": false
      },
      {
        "text": "Use a Crook on leaves to get saplings and a Silkworm",
        "state": false,
        "isAchievement": true,
        "color": 0,
        "height": 30,
        "colorChecked": 36880,
        "align": "LEFT",
        "shadow": false
      },
      {
        "text": "Make Dirt by composting saplings in an Oak Barrel",
        "state": false,
        "isAchievement": true,
        "color": 0,
        "height": 30,
        "colorChecked": 36880,
        "align": "LEFT",
        "shadow": false
      },
      {
        "text": "Infest leaves with a Silkworm",
        "state": false,
        "isAchievement": true,
        "color": 0,
        "height": 30,
        "colorChecked": 36880,
        "align": "LEFT",
        "shadow": false
      },
      {
        "text": "Use a Crook on Infested Leaves to get string",
        "state": false,
        "isAchievement": true,
        "color": 0,
        "height": 30,
        "colorChecked": 36880,
        "align": "LEFT",
        "shadow": false
      },
      {
        "text": "Craft a Sieve",
        "state": false,
        "isAchievement": true,
        "color": 0,
        "height": 30,
        "colorChecked": 36880,
        "align": "LEFT",
        "shadow": false
      },
      {
        "text": "Collect rain water in a Oak Barrel",
        "state": false,
        "isAchievement": true,
        "color": 0,
        "height": 30,
        "colorChecked": 36880,
        "align": "LEFT",
        "shadow": false
      },
      {
        "text": "Craft Cobblestone from the small Stones that drop from sifting Dirt.",
        "state": false,
        "isAchievement": true,
        "color": 0,
        "height": 30,
        "colorChecked": 36880,
        "align": "LEFT",
        "shadow": false
      },
      {
        "text": "Use a Hammer to turn Cobble into Gravel, Gravel into Sand and Sand into Dust",
        "state": false,
        "isAchievement": true,
        "color": 0,
        "height": 30,
        "colorChecked": 36880,
        "align": "LEFT",
        "shadow": false
      },
      {
        "text": "Sift Gravel Sand and Dust in a Sieve",
        "state": false,
        "isAchievement": true,
        "color": 0,
        "height": 30,
        "colorChecked": 36880,
        "align": "LEFT",
        "shadow": false
      },
      {
        "text": "Make Tinkers Construct Tools from Bone or Flint",
        "state": false,
        "isAchievement": true,
        "color": 0,
        "height": 30,
        "colorChecked": 36880,
        "align": "LEFT",
        "shadow": false
      },
      {
        "text": "Make Clay by putting Dust into a water filled Barrel",
        "state": false,
        "isAchievement": true,
        "color": 0,
        "height": 30,
        "colorChecked": 36880,
        "align": "LEFT",
        "shadow": false
      },
      {
        "text": "Craft and cook a Crucible",
        "state": false,
        "isAchievement": true,
        "color": 0,
        "height": 30,
        "colorChecked": 36880,
        "align": "LEFT",
        "shadow": false
      },
      {
        "text": "Heat a Crucible with a Torch and insert Stones or Cobble to make Lava",
        "state": false,
        "isAchievement": true,
        "color": 0,
        "height": 30,
        "colorChecked": 36880,
        "align": "LEFT",
        "shadow": false
      },
      {
        "text": "Build a Cobblestone generator",
        "state": false,
        "isAchievement": true,
        "color": 0,
        "height": 30,
        "colorChecked": 36880,
        "align": "LEFT",
        "shadow": false
      },
      {
        "text": "|",
        "state": false,
        "isAchievement": false,
        "color": 26763,
        "height": 30,
        "colorChecked": 0,
        "align": "CENTER",
        "shadow": false
      },
      {
        "text": "---\u003d\u003d\u003d Stone Age \u003d\u003d\u003d---| |Now that you have a good source of blocks it\u0027s time to expand, upgrade, and improve your island a bit!",
        "state": false,
        "isAchievement": false,
        "color": 26763,
        "height": 30,
        "colorChecked": 0,
        "align": "CENTER",
        "shadow": false
      },
      {
        "text": "Make a dark room 25 blocks away from your base for spawning mobs and getting loot",
        "state": false,
        "isAchievement": true,
        "color": 0,
        "height": 30,
        "colorChecked": 36880,
        "align": "LEFT",
        "shadow": false
      },
      {
        "text": "Make a field of grass 25 blocks away from your base for spawning animals",
        "state": false,
        "isAchievement": true,
        "color": 0,
        "height": 30,
        "colorChecked": 36880,
        "align": "LEFT",
        "shadow": false
      },
      {
        "text": "Build a second layer to your island, below the level you started from",
        "state": false,
        "isAchievement": true,
        "color": 0,
        "height": 30,
        "colorChecked": 36880,
        "align": "LEFT",
        "shadow": false
      },
      {
        "text": "Make Obsidian with a Stone Barrel",
        "state": false,
        "isAchievement": true,
        "color": 0,
        "height": 30,
        "colorChecked": 36880,
        "align": "LEFT",
        "shadow": false
      },
      {
        "text": "Make a Tinkers Construct smeltery for processing ore",
        "state": false,
        "isAchievement": true,
        "color": 0,
        "height": 30,
        "colorChecked": 36880,
        "align": "LEFT",
        "shadow": false
      },
      {
        "text": "Upgrade an existing Tinkers tool with a metal part",
        "state": false,
        "isAchievement": true,
        "color": 0,
        "height": 30,
        "colorChecked": 36880,
        "align": "LEFT",
        "shadow": false
      },
      {
        "text": "Automate your Cobble generator with a Transfer Node",
        "state": false,
        "isAchievement": true,
        "color": 0,
        "height": 30,
        "colorChecked": 36880,
        "align": "LEFT",
        "shadow": false
      },
      {
        "text": "Update your monster farm to kill monsters automatically",
        "state": false,
        "isAchievement": true,
        "color": 0,
        "height": 30,
        "colorChecked": 36880,
        "align": "LEFT",
        "shadow": false
      },
      {
        "text": "---\u003d\u003d\u003d Farming Age \u003d\u003d\u003d---| |Time to fight back against this cold empty void and grow some things! ",
        "state": false,
        "isAchievement": false,
        "color": 26763,
        "height": 30,
        "colorChecked": 0,
        "align": "CENTER",
        "shadow": false
      },
      {
        "text": "Make a Watering Can",
        "state": false,
        "isAchievement": true,
        "color": 0,
        "height": 30,
        "colorChecked": 36880,
        "align": "LEFT",
        "shadow": false
      },
      {
        "text": "Prepare a farming space for several crops",
        "state": false,
        "isAchievement": true,
        "color": 0,
        "height": 30,
        "colorChecked": 36880,
        "align": "LEFT",
        "shadow": false
      },
      {
        "text": "Craft a Minicio Seed",
        "state": false,
        "isAchievement": true,
        "color": 0,
        "height": 30,
        "colorChecked": 36880,
        "align": "LEFT",
        "shadow": false
      },
      {
        "text": "Make a Mattock from Tinkers Construct",
        "state": false,
        "isAchievement": true,
        "color": 0,
        "height": 30,
        "colorChecked": 36880,
        "align": "LEFT",
        "shadow": false
      },
      {
        "text": "Start a food farm and a Minicio Farm",
        "state": false,
        "isAchievement": true,
        "color": 0,
        "height": 30,
        "colorChecked": 36880,
        "align": "LEFT",
        "shadow": false
      },
      {
        "text": "Use a Sprinkler to water a farm (doesn\u0027t work on Magical Crops)",
        "state": false,
        "isAchievement": true,
        "color": 0,
        "height": 30,
        "colorChecked": 36880,
        "align": "LEFT",
        "shadow": false
      },
      {
        "text": "Use Lily pads of Fertility to speed up a farm",
        "state": false,
        "isAchievement": true,
        "color": 0,
        "height": 30,
        "colorChecked": 36880,
        "align": "LEFT",
        "shadow": false
      },
      {
        "text": "Craft an Iron Seed",
        "state": false,
        "isAchievement": true,
        "color": 0,
        "height": 30,
        "colorChecked": 36880,
        "align": "LEFT",
        "shadow": false
      },
      {
        "text": "Craft a Diamond Seed",
        "state": false,
        "isAchievement": true,
        "color": 0,
        "height": 30,
        "colorChecked": 36880,
        "align": "LEFT",
        "shadow": false
      },
      {
        "text": "Craft Zivicio Infused armor",
        "state": false,
        "isAchievement": true,
        "color": 0,
        "height": 30,
        "colorChecked": 36880,
        "align": "LEFT",
        "shadow": false
      },
      {
        "text": "--\u003d Age of Exploration \u003d--| |With the right tools you no longer have to be confined to your small island. Time to get out and stretch our legs! Try not to die...",
        "state": false,
        "isAchievement": false,
        "color": 26763,
        "height": 30,
        "colorChecked": 0,
        "align": "CENTER",
        "shadow": false
      },
      {
        "text": "Fly",
        "state": false,
        "isAchievement": true,
        "color": 0,
        "height": 30,
        "colorChecked": 36880,
        "align": "LEFT",
        "shadow": false
      },
      {
        "text": "Use an Angel Block and your ability to fly to start a new island somewhere else",
        "state": false,
        "isAchievement": true,
        "color": 0,
        "height": 30,
        "colorChecked": 36880,
        "align": "LEFT",
        "shadow": false
      },
      {
        "text": "Plant a flower in 5 biomes",
        "state": false,
        "isAchievement": true,
        "color": 0,
        "height": 30,
        "colorChecked": 36880,
        "align": "LEFT",
        "shadow": false
      },
      {
        "text": "Travel to the Nether",
        "state": false,
        "isAchievement": true,
        "color": 0,
        "height": 30,
        "colorChecked": 36880,
        "align": "LEFT",
        "shadow": false
      },
      {
        "text": "Use a Diamond Dolly to bring home 5 Blaze Spawners",
        "state": false,
        "isAchievement": true,
        "color": 0,
        "height": 30,
        "colorChecked": 36880,
        "align": "LEFT",
        "shadow": false
      },
      {
        "text": "Kill a Wither",
        "state": false,
        "isAchievement": true,
        "color": 0,
        "height": 30,
        "colorChecked": 36880,
        "align": "LEFT",
        "shadow": false
      },
      {
        "text": "Travel to the Deep Dark",
        "state": false,
        "isAchievement": true,
        "color": 0,
        "height": 30,
        "colorChecked": 36880,
        "align": "LEFT",
        "shadow": false
      },
      {
        "text": "Travel To the End",
        "state": false,
        "isAchievement": true,
        "color": 0,
        "height": 30,
        "colorChecked": 36880,
        "align": "LEFT",
        "shadow": false
      },
      {
        "text": "Kill the Ender Dragon",
        "state": false,
        "isAchievement": true,
        "color": 0,
        "height": 30,
        "colorChecked": 36880,
        "align": "LEFT",
        "shadow": false
      },
      {
        "text": "Hatch a Dragon Egg and train it",
        "state": false,
        "isAchievement": true,
        "color": 0,
        "height": 30,
        "colorChecked": 36880,
        "align": "LEFT",
        "shadow": false
      },
      {
        "text": "--\u003d\u003d Age Of Power \u003d\u003d--| |Once you start on this path, how much is enough?",
        "state": false,
        "isAchievement": false,
        "color": 26763,
        "height": 30,
        "colorChecked": 0,
        "align": "CENTER",
        "shadow": false
      },
      {
        "text": "Create a Passive cool reactor from the Big Reactors Mod",
        "state": false,
        "isAchievement": true,
        "color": 0,
        "height": 30,
        "colorChecked": 36880,
        "align": "LEFT",
        "shadow": false
      },
      {
        "text": "Create a Active cool reactor from the Big Reactors Mod",
        "state": false,
        "isAchievement": true,
        "color": 0,
        "height": 30,
        "colorChecked": 36880,
        "align": "LEFT",
        "shadow": false
      },
      {
        "text": "Create the maximum size reactor",
        "state": false,
        "isAchievement": true,
        "color": 0,
        "height": 30,
        "colorChecked": 36880,
        "align": "LEFT",
        "shadow": false
      },
      {
        "text": "Create a turbine from the Big Reactors Mod",
        "state": false,
        "isAchievement": true,
        "color": 0,
        "height": 30,
        "colorChecked": 36880,
        "align": "LEFT",
        "shadow": false
      },
      {
        "text": "Produce 1000 RF/t",
        "state": false,
        "isAchievement": true,
        "color": 0,
        "height": 30,
        "colorChecked": 36880,
        "align": "LEFT",
        "shadow": false
      },
      {
        "text": "Produce 10,000 RF/t",
        "state": false,
        "isAchievement": true,
        "color": 0,
        "height": 30,
        "colorChecked": 36880,
        "align": "LEFT",
        "shadow": false
      },
      {
        "text": "Produce 100k RF/t",
        "state": false,
        "isAchievement": true,
        "color": 0,
        "height": 30,
        "colorChecked": 36880,
        "align": "LEFT",
        "shadow": false
      },
      {
        "text": "Produce 1 million RF/t",
        "state": false,
        "isAchievement": true,
        "color": 0,
        "height": 30,
        "colorChecked": 36880,
        "align": "LEFT",
        "shadow": false
      },
      {
        "text": "",
        "state": false,
        "isAchievement": false,
        "color": 26763,
        "height": 30,
        "colorChecked": 0,
        "align": "CENTER",
        "shadow": false
      },
      {
        "text": "",
        "state": false,
        "isAchievement": false,
        "color": 26763,
        "height": 30,
        "colorChecked": 0,
        "align": "CENTER",
        "shadow": false
      },
      {
        "text": "---\u003d\u003d Age Of Machines \u003d\u003d--| |Your skill with technology is growing. Automation is key.",
        "state": false,
        "isAchievement": false,
        "color": 26763,
        "height": 30,
        "colorChecked": 0,
        "align": "CENTER",
        "shadow": false
      },
      {
        "text": "Craft and power a generator of some kind",
        "state": false,
        "isAchievement": true,
        "color": 0,
        "height": 30,
        "colorChecked": 36880,
        "align": "LEFT",
        "shadow": false
      },
      {
        "text": "Use a Pulverizer to automatically turn Cobble to Gravel",
        "state": false,
        "isAchievement": true,
        "color": 0,
        "height": 30,
        "colorChecked": 36880,
        "align": "LEFT",
        "shadow": false
      },
      {
        "text": "Use Energy Conduits to power several machines at once",
        "state": false,
        "isAchievement": true,
        "color": 0,
        "height": 30,
        "colorChecked": 36880,
        "align": "LEFT",
        "shadow": false
      },
      {
        "text": "Automate a farm with a Farming Station",
        "state": false,
        "isAchievement": true,
        "color": 0,
        "height": 30,
        "colorChecked": 36880,
        "align": "LEFT",
        "shadow": false
      },
      {
        "text": "Link an Ender Pouch to an Ender Chest",
        "state": false,
        "isAchievement": true,
        "color": 0,
        "height": 30,
        "colorChecked": 36880,
        "align": "LEFT",
        "shadow": false
      },
      {
        "text": "Craft a Chunk Loader",
        "state": false,
        "isAchievement": true,
        "color": 0,
        "height": 30,
        "colorChecked": 36880,
        "align": "LEFT",
        "shadow": false
      },
      {
        "text": "Create an Applied Energistics system to store your things",
        "state": false,
        "isAchievement": true,
        "color": 0,
        "height": 30,
        "colorChecked": 36880,
        "align": "LEFT",
        "shadow": false
      },
      {
        "text": "Craft and use Ender Quarry",
        "state": false,
        "isAchievement": true,
        "color": 0,
        "height": 30,
        "colorChecked": 36880,
        "align": "LEFT",
        "shadow": false
      },
      {
        "text": "Automate storage of ore dust from an Automatic Sieve",
        "state": false,
        "isAchievement": true,
        "color": 0,
        "height": 30,
        "colorChecked": 36880,
        "align": "LEFT",
        "shadow": false
      },
      {
        "text": "Process sieve materials to ingots",
        "state": false,
        "isAchievement": true,
        "color": 0,
        "height": 30,
        "colorChecked": 36880,
        "align": "LEFT",
        "shadow": false
      },
      {
        "text": "",
        "state": false,
        "isAchievement": false,
        "color": 26763,
        "height": 30,
        "colorChecked": 0,
        "align": "CENTER",
        "shadow": false
      },
      {
        "text": "",
        "state": false,
        "isAchievement": false,
        "color": 26763,
        "height": 30,
        "colorChecked": 0,
        "align": "CENTER",
        "shadow": false
      },
      {
        "text": "",
        "state": false,
        "isAchievement": false,
        "color": 26763,
        "height": 30,
        "colorChecked": 0,
        "align": "CENTER",
        "shadow": false
      },
      {
        "text": "",
        "state": false,
        "isAchievement": false,
        "color": 26763,
        "height": 30,
        "colorChecked": 0,
        "align": "CENTER",
        "shadow": false
      },
      {
        "text": "",
        "state": false,
        "isAchievement": false,
        "color": 26763,
        "height": 30,
        "colorChecked": 0,
        "align": "CENTER",
        "shadow": false
      },
      {
        "text": "",
        "state": false,
        "isAchievement": false,
        "color": 26763,
        "height": 30,
        "colorChecked": 0,
        "align": "CENTER",
        "shadow": false
      },
      {
        "text": "--\u003d\u003d Age Of Dragons \u003d\u003d--| |You will be tested. It takes a legend to conquer legends.",
        "state": false,
        "isAchievement": false,
        "color": 26763,
        "height": 30,
        "colorChecked": 0,
        "align": "CENTER",
        "shadow": false
      },
      {
        "text": "Craft the Draconic Armor Set (Tier 1)",
        "state": false,
        "isAchievement": false,
        "color": 26763,
        "height": 30,
        "colorChecked": 0,
        "align": "CENTER",
        "shadow": false
      },
      {
        "text": "Draconic Helm",
        "state": false,
        "isAchievement": true,
        "color": 0,
        "height": 30,
        "colorChecked": 36880,
        "align": "LEFT",
        "shadow": false
      },
      {
        "text": "Draconic Chestplate",
        "state": false,
        "isAchievement": true,
        "color": 0,
        "height": 30,
        "colorChecked": 36880,
        "align": "LEFT",
        "shadow": false
      },
      {
        "text": "Draconic Leggings",
        "state": false,
        "isAchievement": true,
        "color": 0,
        "height": 30,
        "colorChecked": 36880,
        "align": "LEFT",
        "shadow": false
      },
      {
        "text": "Draconic Boots",
        "state": false,
        "isAchievement": true,
        "color": 0,
        "height": 30,
        "colorChecked": 36880,
        "align": "LEFT",
        "shadow": false
      },
      {
        "text": "Craft the Draconic Tools(Tier 1)",
        "state": false,
        "isAchievement": false,
        "color": 26763,
        "height": 30,
        "colorChecked": 0,
        "align": "CENTER",
        "shadow": false
      },
      {
        "text": "Draconic Pickaxe",
        "state": false,
        "isAchievement": true,
        "color": 0,
        "height": 30,
        "colorChecked": 36880,
        "align": "LEFT",
        "shadow": false
      },
      {
        "text": "Draconic Axe",
        "state": false,
        "isAchievement": true,
        "color": 0,
        "height": 30,
        "colorChecked": 36880,
        "align": "LEFT",
        "shadow": false
      },
      {
        "text": "Draconic Shovel",
        "state": false,
        "isAchievement": true,
        "color": 0,
        "height": 30,
        "colorChecked": 36880,
        "align": "LEFT",
        "shadow": false
      },
      {
        "text": "Draconic Hoe",
        "state": false,
        "isAchievement": true,
        "color": 0,
        "height": 30,
        "colorChecked": 36880,
        "align": "LEFT",
        "shadow": false
      },
      {
        "text": "Draconic Staff of Power",
        "state": false,
        "isAchievement": true,
        "color": 0,
        "height": 30,
        "colorChecked": 36880,
        "align": "LEFT",
        "shadow": false
      },
      {
        "text": "",
        "state": false,
        "isAchievement": false,
        "color": 26763,
        "height": 30,
        "colorChecked": 0,
        "align": "CENTER",
        "shadow": false
      },
      {
        "text": "Automate Wither killing",
        "state": false,
        "isAchievement": true,
        "color": 0,
        "height": 30,
        "colorChecked": 36880,
        "align": "LEFT",
        "shadow": false
      },
      {
        "text": "Kill a chaos dragon",
        "state": false,
        "isAchievement": true,
        "color": 0,
        "height": 30,
        "colorChecked": 36880,
        "align": "LEFT",
        "shadow": false
      },
      {
        "text": "Kill 4 chaos dragons",
        "state": false,
        "isAchievement": true,
        "color": 0,
        "height": 30,
        "colorChecked": 36880,
        "align": "LEFT",
        "shadow": false
      },
      {
        "text": "Build a tier 6 energy core",
        "state": false,
        "isAchievement": true,
        "color": 0,
        "height": 30,
        "colorChecked": 36880,
        "align": "LEFT",
        "shadow": false
      },
      {
        "text": "Make a charm of dislocation",
        "state": false,
        "isAchievement": true,
        "color": 0,
        "height": 30,
        "colorChecked": 36880,
        "align": "LEFT",
        "shadow": false
      },
      {
        "text": "Resurrect one of the dragons",
        "state": false,
        "isAchievement": true,
        "color": 0,
        "height": 30,
        "colorChecked": 36880,
        "align": "LEFT",
        "shadow": false
      },
      {
        "text": "Fill a Draconic battery",
        "state": false,
        "isAchievement": true,
        "color": 0,
        "height": 30,
        "colorChecked": 36880,
        "align": "LEFT",
        "shadow": false
      },
      {
        "text": "Jump between 2 tamed dragons while in midair (while both are flying)",
        "state": false,
        "isAchievement": true,
        "color": 0,
        "height": 30,
        "colorChecked": 36880,
        "align": "LEFT",
        "shadow": false
      },
      {
        "text": "Make a Draconic chest",
        "state": false,
        "isAchievement": true,
        "color": 0,
        "height": 30,
        "colorChecked": 36880,
        "align": "LEFT",
        "shadow": false
      },
      {
        "text": "",
        "state": false,
        "isAchievement": false,
        "color": 26763,
        "height": 30,
        "colorChecked": 0,
        "align": "CENTER",
        "shadow": false
      },
      {
        "text": "",
        "state": false,
        "isAchievement": false,
        "color": 26763,
        "height": 30,
        "colorChecked": 0,
        "align": "CENTER",
        "shadow": false
      },
      {
        "text": "",
        "state": false,
        "isAchievement": false,
        "color": 26763,
        "height": 30,
        "colorChecked": 0,
        "align": "CENTER",
        "shadow": false
      },
      {
        "text": "--\u003d\u003d Age Of Insanity \u003d\u003d--| |At last you\u0027ve got your production going and your machines are hard at work. It\u0027s time to REALLY have some fun!",
        "state": false,
        "isAchievement": false,
        "color": 26763,
        "height": 30,
        "colorChecked": 0,
        "align": "CENTER",
        "shadow": false
      },
      {
        "text": "Fill DSU (deep storage unit) with anything",
        "state": false,
        "isAchievement": true,
        "color": 0,
        "height": 30,
        "colorChecked": 36880,
        "align": "LEFT",
        "shadow": false
      },
      {
        "text": "Produce 1 billion RF/t",
        "state": false,
        "isAchievement": true,
        "color": 0,
        "height": 30,
        "colorChecked": 36880,
        "align": "LEFT",
        "shadow": false
      },
      {
        "text": "Successfully run a 1k x 1k Ender Quarry in the Deep Dark",
        "state": false,
        "isAchievement": true,
        "color": 0,
        "height": 30,
        "colorChecked": 36880,
        "align": "LEFT",
        "shadow": false
      },
      {
        "text": "Turn a nether fortress into dirt with Ender Quarry",
        "state": false,
        "isAchievement": true,
        "color": 0,
        "height": 30,
        "colorChecked": 36880,
        "align": "LEFT",
        "shadow": false
      },
      {
        "text": "Replace power cables with Cryostablized conduit in the Thermal Dynamics",
        "state": false,
        "isAchievement": true,
        "color": 0,
        "height": 30,
        "colorChecked": 36880,
        "align": "LEFT",
        "shadow": false
      },
      {
        "text": "Get 20 different MooFluid cows and automate milking",
        "state": false,
        "isAchievement": true,
        "color": 0,
        "height": 30,
        "colorChecked": 36880,
        "align": "LEFT",
        "shadow": false
      },
      {
        "text": "Use Diamond blocks to cool a Max Reactor",
        "state": false,
        "isAchievement": true,
        "color": 0,
        "height": 30,
        "colorChecked": 36880,
        "align": "LEFT",
        "shadow": false
      },
      {
        "text": "Fill Resonant Energy Cell with Sterling generators in 3 mins",
        "state": false,
        "isAchievement": true,
        "color": 0,
        "height": 30,
        "colorChecked": 36880,
        "align": "LEFT",
        "shadow": false
      },
      {
        "text": "Max size farming station for 20 crops",
        "state": false,
        "isAchievement": true,
        "color": 0,
        "height": 30,
        "colorChecked": 36880,
        "align": "LEFT",
        "shadow": false
      },
      {
        "text": "Fill 1 chunk completely with Triple Compressed cobble",
        "state": false,
        "isAchievement": true,
        "color": 0,
        "height": 30,
        "colorChecked": 36880,
        "align": "LEFT",
        "shadow": false
      },
      {
        "text": "",
        "state": false,
        "isAchievement": false,
        "color": 26763,
        "height": 30,
        "colorChecked": 0,
        "align": "CENTER",
        "shadow": false
      },
      {
        "text": "",
        "state": false,
        "isAchievement": false,
        "color": 26763,
        "height": 30,
        "colorChecked": 0,
        "align": "CENTER",
        "shadow": false
      },
      {
        "text": "---\u003d\u003d\u003dThe End\u003d\u003d\u003d---",
        "state": false,
        "isAchievement": false,
        "color": 26763,
        "height": 30,
        "colorChecked": 0,
        "align": "CENTER",
        "shadow": false
      },
      {
        "text": "You have completed 100% of the achieventnts listed, remember to test yourself. What achievements can you come up with?",
        "state": false,
        "isAchievement": false,
        "color": 26763,
        "height": 30,
        "colorChecked": 0,
        "align": "CENTER",
        "shadow": false
      },
      {
        "text": "100% complete",
        "state": false,
        "isAchievement": true,
        "color": 0,
        "height": 30,
        "colorChecked": 36880,
        "align": "LEFT",
        "shadow": false
      }
    ]
  }
}