{"stat.killEntity.Blaze":1,"stat.mineBlock.13":2,"stat.mineBlock.18":5360,"stat.killEntity.PigZombie":8,"stat.mineBlock.17":985,"stat.entityKilledBy.PigZombie":3,"stat.mineBlock.12":7,"stat.mineBlock.110":10,"achievement.diamonds":11,"achievement.ae2.PatternTerminal":1,"stat.killEntity.Enderman":29,"stat.mineBlock.116":3,"achievement.buildPickaxe":24,"stat.killEntity.Witch":58,"achievement.buildBetterPickaxe":20,"stat.mineBlock.126":323,"stat.mineBlock.123":9,"tconstruct.beginner":2,"achievement.overkill":1,"achievement.mineWood":1126,"achievement.fpinstall":119,"stat.useItem.82":14,"achievement.openInventory":3062,"stat.mineBlock.154":13,"stat.deaths":8,"stat.playOneMinute":3781231,"achievement.ae2.CraftingCPU":6,"stat.fallOneCm":55288,"stat.useItem.404":3,"stat.craftItem.1":15,"stat.craftItem.5":3247,"achievement.ae2.Recursive":11,"achievement.portal":32,"stat.useItem.6":157,"achievement.acquireIron":28,"stat.useItem.4":3957,"stat.useItem.5":408,"stat.useItem.3":246,"stat.useItem.351":224,"stat.craftItem.69":7,"stat.useItem.355":10,"stat.craftItem.101":16,"stat.useItem.356":8,"stat.useItem.359":956,"stat.useItem.116":3,"stat.craftItem.61":9,"stat.craftItem.67":76,"stat.craftItem.65":36,"achievement.ae2.GlassCable":12,"stat.craftItem.339":12,"stat.craftItem.331":36,"stat.useItem.123":27,"stat.useItem.126":1954,"stat.swimOneCm":6461,"stat.climbOneCm":140446,"achievement.buildWorkBench":70,"stat.craftItem.76":1,"achievement.ae2.ChargedQuartz":23,"stat.ae2.ItemsExtracted":17967,"stat.craftItem.324":4,"stat.craftItem.325":1,"achievement.exploreAllBiomes":{"value":0,"progress":["ForestHills","Forest","Hell"]},"stat.useItem.331":44,"stat.craftItem.123":0,"stat.useItem.338":19,"stat.craftItem.89":0,"stat.mineBlock.4":1120,"stat.mineBlock.5":27,"stat.mineBlock.3":58,"stat.craftItem.116":1,"stat.craftItem.359":1,"stat.mineBlock.6":23,"stat.flyOneCm":1747052,"stat.craftItem.351":21,"stat.craftItem.112":0,"stat.craftItem.355":1,"stat.craftItem.356":0,"stat.craftItem.98":8,"stat.ae2.TurnedCranks":85,"stat.craftItem.29":2,"stat.craftItem.20":5,"stat.craftItem.23":0,"stat.breakItem.299":1,"stat.killEntity.Creeper":814,"stat.ae2.ItemsInserted":44247,"stat.useItem.324":4,"stat.craftItem.35":3,"stat.entityKilledBy.Skeleton":1,"stat.craftItem.33":11,"achievement.buildSword":29,"stat.craftItem.404":0,"stat.breakItem.270":1,"stat.breakItem.272":1,"stat.breakItem.271":4,"stat.breakItem.274":3,"stat.craftItem.42":0,"stat.breakItem.275":3,"stat.craftItem.44":822,"achievement.killEnemy":3062,"achievement.ae2.CraftingTerminal":3,"achievement.buildFurnace":35,"stat.craftItem.58":26,"stat.drop":1987,"stat.craftItem.50":176,"stat.breakItem.267":3,"stat.craftItem.54":50,"stat.breakItem.268":1,"stat.killEntity.Zombie":942,"achievement.ae2.StorageCell":5,"stat.diveOneCm":6736,"achievement.ae2.Charger":1,"stat.useItem.65":38,"stat.useItem.67":67,"stat.useItem.61":2,"achievement.buildHoe":2,"stat.breakItem.258":1,"stat.breakItem.257":2,"stat.mineBlock.82":14,"stat.useItem.69":33,"stat.useItem.76":3,"stat.jump":6498,"stat.killEntity.Celebrity":146,"stat.breakItem.359":4,"stat.mineBlock.69":22,"stat.useItem.44":1143,"stat.damageTaken":18301,"stat.mineBlock.67":7,"stat.useItem.49":11,"stat.useItem.54":113,"stat.useItem.50":272,"stat.damageDealt":424744,"stat.mineBlock.76":1,"stat.useItem.58":32,"stat.useItem.274":346,"stat.craftItem.261":3,"stat.mineBlock.49":1,"stat.useItem.275":456,"stat.useItem.154":15,"stat.walkOneCm":9788332,"stat.craftItem.265":57,"stat.craftItem.266":8,"stat.craftItem.145":0,"stat.craftItem.267":1,"stat.craftItem.268":2,"stat.useItem.158":1,"stat.craftItem.380":2,"stat.craftItem.381":0,"achievement.enchantments":3,"stat.craftItem.258":1,"stat.craftItem.259":0,"stat.mineBlock.44":108,"stat.mineBlock.58":10,"stat.craftItem.371":63,"stat.useItem.287":1,"achievement.ae2.Fluix":60,"stat.craftItem.257":2,"stat.craftItem.378":0,"achievement.ae2.Controller":1,"stat.mineBlock.50":121,"stat.craftItem.126":1572,"stat.mineBlock.54":70,"stat.craftItem.283":0,"stat.killEntity.Skeleton":946,"stat.useItem.258":207,"stat.useItem.257":552,"stat.useItem.259":1,"stat.killEntity.Chicken":3,"stat.craftItem.280":340,"stat.killEntity.Spider":17,"stat.mobKills":3069,"stat.craftItem.151":34,"stat.craftItem.272":1,"stat.craftItem.152":8,"stat.craftItem.274":3,"stat.useItem.12":225,"stat.craftItem.275":4,"stat.craftItem.154":8,"stat.useItem.267":810,"stat.craftItem.276":0,"stat.mineBlock.39":10,"stat.useItem.145":1,"stat.craftItem.278":1,"stat.useItem.268":115,"stat.craftItem.158":0,"stat.craftItem.390":0,"stat.craftItem.270":2,"stat.craftItem.271":4,"stat.useItem.17":45,"stat.craftItem.148":0,"stat.useItem.13":62,"stat.useItem.270":70,"stat.useItem.391":35,"stat.useItem.272":135,"achievement.ae2.Networking1":26,"stat.useItem.271":238}